"Equity_CMOTSCode","MF_CMOTSCode","mf_cocode","AMCName","ETFName","ISIN","ETFCategory","BSEListed","NSEListed","Sector"
"22992","878","19712","Nippon India Mutual Fund","Nippon India ETF Nifty 50 BeES","INF204KB14I2","Equity ETFs","Y","Y","Broad Market"
"23377","1198","3583","ICICI Prudential Mutual Fund","ICICI Prudential BSE Sensex ETF","INF346A01034","Equity ETFs","Y","Y","Broad Market"
"28036","4237","23411","UTI Mutual Fund","UTI - Gold Exchange Traded Fund","INF789F1AUX7","Commodity ETFs","Y","Y","Precious Metals"
"28235","4117","19712","Nippon India Mutual Fund","Nippon India ETF Gold Bees","INF204KB17I5","Commodity ETFs","Y","Y","Precious Metals"
"28237","5293","20327","Kotak Mahindra Mutual Fund","Kotak Gold ETF","INF174KA1HJ8","Commodity ETFs","Y","Y","Precious Metals"
"30117","7801","20327","Kotak Mahindra Mutual Fund","Kotak S&P BSE Sensex ETF","INF174KA1JD7","Equity ETFs","Y","N","Broad Market"
"30118","7961","27298","Quantum Mutual Fund","Quantum Nifty 50 ETF","INF082J01499","Equity ETFs","Y","Y","Broad Market"
"30120","6885","27298","Quantum Mutual Fund","Quantum Gold ETF","INF082J01408","Commodity ETFs","Y","Y","Precious Metals"
"30122","6202","20327","Kotak Mahindra Mutual Fund","Kotak Nifty PSU Bank ETF","INF174KA1A86","Equity ETFs","Y","Y","Banks"
"30123","6199","19712","Nippon India Mutual Fund","Nippon India ETF Nifty PSU Bank BeES","INF204KB16I7","Equity ETFs","Y","Y","Banks"
"30124","1996","19712","Nippon India Mutual Fund","Nippon India ETF Nifty Bank BeES","INF204KB15I9","Equity ETFs","Y","Y","Banks"
"30125","1222","19712","Nippon India Mutual Fund","Nippon India ETF Nifty Next 50 Junior BeES","INF732E01045","Equity ETFs","Y","Y","Broad Market"
"30126","1469","19712","Nippon India Mutual Fund","Nippon India ETF Nifty 1D Rate Liquid BeES","INF732E01037","Debt ETFs","Y","Y","Liquid / Overnight"
"33456","10292","19712","Nippon India Mutual Fund","Nippon India ETF Nifty 50 Shariah BeES","INF732E01128","Equity ETFs","Y","Y","Broad Market"
"34918","10451","6051","SBI Mutual Fund","SBI Gold ETF","INF200KA16D8","Commodity ETFs","Y","Y","Precious Metals"
"38363","10938","20327","Kotak Mahindra Mutual Fund","Kotak Nifty 50 ETF","INF174K014P6","Equity ETFs","Y","Y","Broad Market"
"38924","10998","19712","Nippon India Mutual Fund","Nippon India ETF Hang Seng Bees","INF204KB19I1","Global ETFs","Y","Y","Global Markets"
"38928","10962","27488","Invesco Mutual Fund","Invesco India Gold ETF","INF205KA1BP1","Commodity ETFs","Y","Y","Precious Metals"
"40420","11405","38442","Motilal Oswal Mutual Fund","Motilal Oswal M50 ETF","INF247L01536","Equity ETFs","Y","Y","Broad Market"
"40429","11395","21273","HDFC Mutual Fund","HDFC Gold ETF","INF179KC1981","Commodity ETFs","Y","Y","Precious Metals"
"40430","11418","3583","ICICI Prudential Mutual Fund","ICICI Prudential Gold ETF","INF109KC1NT3","Commodity ETFs","Y","Y","Precious Metals"
"40459","11603","19712","Nippon India Mutual Fund","Nippon India ETF Nifty Infrastructure BeES","INF732E01268","Equity ETFs","Y","Y","Infrastructure Developers & Operators"
"40488","11721","35448","Axis Mutual Fund","Axis Gold ETF","INF846K01W80","Commodity ETFs","Y","Y","Precious Metals"
"40549","12036","38442","Motilal Oswal Mutual Fund","Motilal Oswal Midcap 100 ETF","INF247L01023","Equity ETFs","Y","Y","Broad Market"
"40766","12425","38442","Motilal Oswal Mutual Fund","Motilal Oswal NASDAQ 100 ETF","INF247L01AP3","Global ETFs","Y","Y","Global Markets"
"41220","12656","5946","Aditya Birla Sun Life Mutual Fund","Aditya Birla Sun Life Gold ETF","INF209KB18D3","Commodity ETFs","Y","Y","Precious Metals"
"41282","12764","27488","Invesco Mutual Fund","Invesco India Nifty 50 ETF","INF205KA1CC7","Equity ETFs","N","Y","Broad Market"
"41361","13061","5946","Aditya Birla Sun Life Mutual Fund","Aditya Birla Sun Life Nifty 50 ETF","INF209KB19D1","Equity ETFs","Y","Y","Broad Market"
"41429","13426","17424","LIC Mutual Fund","LIC MF Gold ETF","INF767K01SM1","Commodity ETFs","Y","Y","Precious Metals"
"43472","18312","3583","ICICI Prudential Mutual Fund","ICICI Prudential Nifty ETF","INF109K012R6","Equity ETFs","Y","Y","Broad Market"
"43473","17907","6051","SBI Mutual Fund","SBI Sensex ETF","INF200K01VT2","Equity ETFs","Y","N","Broad Market"
"43474","17980","19712","Nippon India Mutual Fund","Nippon India ETF NIFTY 100","INF204K014N5","Equity ETFs","Y","Y","Broad Market"
"43790","19872","3583","ICICI Prudential Mutual Fund","ICICI Prudential Nifty 100 ETF","INF109KC16V9","Equity ETFs","Y","Y","Broad Market"
"44412","25719","19712","Nippon India Mutual Fund","CPSE ETF","INF457M01133","Equity ETFs","Y","Y","Public Sector Enterprises"
"44493","25438","19712","Nippon India Mutual Fund","Nippon India ETF Nifty India Consumption","INF204KA1LD7","Equity ETFs","N","Y","FMCG"
"44536","25900","19712","Nippon India Mutual Fund","Nippon India ETF  Nifty Dividend Opportunities 50","INF204KA1MS3","Equity ETFs","N","Y","Broad Market"
"45943","28365","19712","Nippon India Mutual Fund","Nippon India ETF S&P BSE Sensex","INF204KA1UN7","Equity ETFs","Y","N","Broad Market"
"64930","29084","20327","Kotak Mahindra Mutual Fund","Kotak Nifty Bank ETF","INF174KA1ZB7","Equity ETFs","Y","Y","Banks"
"64950","29307","17424","LIC Mutual Fund","LIC Nomura MF G-Sec Long Term ETF","INF767K01MV5","Debt ETFs","N","Y","Government Securities"
"65854","29913","6051","SBI Mutual Fund","SBI Nifty Next 50 ETF","INF200KA1598","Equity ETFs","N","Y","Broad Market"
"65855","29912","6051","SBI Mutual Fund","SBI ETF Nifty Bank","INF200KA1580","Equity ETFs","Y","Y","Banks"
"65856","29914","6051","SBI Mutual Fund","SBI ETF BSE 100","INF200KA1572","Equity ETFs","Y","N","Broad Market"
"66326","30734","19712","Nippon India Mutual Fund","Nippon India ETF Nifty 50 Value 20","INF204KB18I3","Equity ETFs","N","Y","Broad Market"
"66551","31027","6051","SBI Mutual Fund","SBI ETF Nifty 50","INF200KA1FS1","Equity ETFs","Y","Y","Broad Market"
"66787","31233","23411","UTI Mutual Fund","UTI BSE Sensex ETF","INF789FB1X58","Equity ETFs","Y","Y","Broad Market"
"66788","31234","23411","UTI Mutual Fund","UTI Nifty 50 ETF","INF789F1AZC0","Equity ETFs","Y","Y","Broad Market"
"67150","31582","17424","LIC Mutual Fund","LIC Nomura MF ETF - NIFTY 50 - Growth Plan","INF767K01OS7","Equity ETFs","Y","Y","Broad Market"
"67180","31593","17424","LIC Mutual Fund","LIC Nomura MF ETF - SENSEX","INF767K01OT5","Equity ETFs","Y","Y","Broad Market"
"67196","31766","21273","HDFC Mutual Fund","HDFC Nifty 50 ETF","INF179KC1965","Equity ETFs","Y","Y","Broad Market"
"67225","31658","20327","Kotak Mahindra Mutual Fund","Kotak NV 20 ETF - Dividend Payout Option","INF174KA1ZE1","Equity ETFs","N","Y","Broad Market"
"67326","31767","21273","HDFC Mutual Fund","HDFC BSE Sensex ETF","INF179KC1HX2","Equity ETFs","Y","Y","Broad Market"
"67928","32459","17424","LIC Mutual Fund","LIC Nomura MF ETF - Nifty 100","INF767K01PC8","Equity ETFs","Y","Y","Broad Market"
"68333","32965","6051","SBI Mutual Fund","SBI-ETF 10 Year GILT","INF200KA1JT1","Debt ETFs","N","Y","Government Securities"
"68371","32992","3583","ICICI Prudential Mutual Fund","ICICI Prudential NV20 ETF","INF109KC11V0","Equity ETFs","Y","Y","Broad Market"
"68433","33027","19712","Nippon India Mutual Fund","Nippon India ETF Nifty 8-13 yr G-Sec LongTerm Gilt","INF204KB1882","Debt ETFs","Y","Y","Government Securities"
"68434","33066","3583","ICICI Prudential Mutual Fund","ICICI Prudential BSE Midcap Select ETF","INF109KC10W0","Equity ETFs","Y","Y","Broad Market"
"68472","33126","5946","Aditya Birla Sun Life Mutual Fund","Aditya Birla Sun Life BSE Sensex ETF","INF209KB10E8","Equity ETFs","Y","Y","Broad Market"
"69011","33386","21271","Bandhan Mutual Fund","Bandhan S&P BSE Sensex ETF","INF194KA1T91","Equity ETFs","Y","N","Broad Market"
"69012","33385","21271","Bandhan Mutual Fund","Bandhan Nifty 50 ETF","INF194KA1U07","Equity ETFs","N","Y","Broad Market"
"71051","34837","35448","Axis Mutual Fund","Axis Nifty 50 ETF","INF846K01W98","Equity ETFs","N","Y","Broad Market"
"71108","34913","3583","ICICI Prudential Mutual Fund","ICICI Prudential Nifty 100 Low Volatility 30 ETF","INF109KC19U5","Equity ETFs","Y","Y","Broad Market"
"71419","34980","23411","UTI Mutual Fund","UTI Nifty Next 50 ETF","INF789F1AUW9","Equity ETFs","Y","Y","Broad Market"
"71694","35248","3583","ICICI Prudential Mutual Fund","Bharat 22 ETF","INF109KB15Y7","Equity ETFs","Y","Y","Broad Market"
"72338","35869","18585","DSP Mutual Fund","DSP BlackRock Liquid ETF","INF740KA1EU7","Debt ETFs","Y","Y","Liquid / Overnight"
"72651","36572","3583","ICICI Prudential Mutual Fund","ICICI Prudential BSE 500 ETF","INF109KC1V59","Equity ETFs","Y","Y","Broad Market"
"73220","37853","3583","ICICI Prudential Mutual Fund","ICICI Prudential Nifty Next 50 ETF","INF109KC1NS5","Equity ETFs","Y","Y","Broad Market"
"73289","38184","3583","ICICI Prudential Mutual Fund","ICICI Prudential BSE Liquid Rate ETF","INF109KC1KT9","Debt ETFs","Y","Y","Liquid / Overnight"
"73308","38157","6051","SBI Mutual Fund","SBI-ETF Sensex Next 50","INF200KA1VQ2","Equity ETFs","Y","N","Broad Market"
"73503","38843","28628","Mirae Asset Mutual Fund","Mirae Asset Nifty 50 ETF","INF769K01EG9","Equity ETFs","Y","Y","Broad Market"
"73671","38876","6051","SBI Mutual Fund","SBI - ETF Quality","INF200KA1WX6","Equity ETFs","N","Y","Broad Market"
"73703","39026","5946","Aditya Birla Sun Life Mutual Fund","Aditya Birla Sun Life Nifty Next 50 ETF","INF209KB16D7","Equity ETFs","Y","Y","Broad Market"
"73869","39027","5431","Tata Mutual Fund","Tata Nifty 50 ETF","INF277K015R5","Equity ETFs","Y","Y","Broad Market"
"73947","39495","19712","Nippon India Mutual Fund","Nippon India ETF Nifty Midcap 150","INF204KB1V68","Equity ETFs","Y","Y","Broad Market"
"74019","39772","23411","UTI Mutual Fund","UTI BSE Sensex Next 50 ETF","INF789F1AUU3","Equity ETFs","Y","Y","Broad Market"
"74396","40649","3583","ICICI Prudential Mutual Fund","ICICI Prudential Nifty Bank ETF","INF109KC15I8","Equity ETFs","Y","Y","Banks"
"74460","40749","3583","ICICI Prudential Mutual Fund","ICICI Prudential Nifty Private Bank ETF","INF109KC18U7","Equity ETFs","Y","Y","Banks"
"74466","40742","19712","Nippon India Mutual Fund","Nippon India ETF S&P BSE Sensex Next 50","INF204KB15D0","Equity ETFs","Y","N","Broad Market"
"74492","40792","5431","Tata Mutual Fund","Tata Nifty Private Bank ETF","INF277K010X4","Equity ETFs","N","Y","Banks"
"74581","40916","5946","Aditya Birla Sun Life Mutual Fund","Aditya Birla Sun Life Nifty Bank ETF","INF209KB17D5","Equity ETFs","Y","Y","Banks"
"74648","41021","29993","Edelweiss Mutual Fund","Bharat Bond ETF - April 2030","INF754K01KO2","Debt ETFs","Y","Y","Corporate Bond"
"74676","41092","3583","ICICI Prudential Mutual Fund","ICICI Prudential Nifty Midcap 150 ETF","INF109KC11W8","Equity ETFs","Y","Y","Broad Market"
"74684","41083","28628","Mirae Asset Mutual Fund","Mirae Asset Nifty Next 50 ETF","INF769K01FN2","Equity ETFs","Y","Y","Broad Market"
"74813","41568","19712","Nippon India Mutual Fund","Nippon India ETF Nifty IT","INF204KB15V2","Equity ETFs","Y","Y","IT - Software"
"74820","41603","29993","Edelweiss Mutual Fund","Bharat Bond ETF - April 2031","INF754K01LE1","Debt ETFs","Y","Y","Corporate Bond"
"74825","41612","3583","ICICI Prudential Mutual Fund","ICICI Prudential Nifty Alpha Low Volatility 30 ETF","INF109KC17V7","Equity ETFs","Y","Y","Broad Market"
"74830","41617","21273","HDFC Mutual Fund","HDFC Nifty Banking ETF","INF179KC1HY0","Equity ETFs","Y","Y","Banks"
"74875","41622","3583","ICICI Prudential Mutual Fund","ICICI Prudential IT ETF","INF109KC16I6","Equity ETFs","Y","Y","IT - Software"
"74967","41653","23411","UTI Mutual Fund","UTI Nifty Bank ETF","INF789F1AUV1","Equity ETFs","Y","Y","Banks"
"75161","41699","6051","SBI Mutual Fund","SBI ETF IT","INF200KA1S14","Equity ETFs","N","Y","IT - Software"
"75162","41698","6051","SBI Mutual Fund","SBI ETF PRIVATE BANK","INF200KA1S22","Equity ETFs","N","Y","Banks"
"75191","41716","35448","Axis Mutual Fund","Axis NIFTY Bank ETF","INF846K01X63","Equity ETFs","N","Y","Banks"
"75218","41717","28628","Mirae Asset Mutual Fund","Mirae Asset Nifty 100 ESG Sector Leaders ETF","INF769K01GS9","Equity ETFs","Y","Y","Broad Market"
"75227","41779","38442","Motilal Oswal Mutual Fund","Motilal Oswal 5 Year G-Sec ETF","INF247L01AK4","Debt ETFs","Y","Y","Government Securities"
"75415","41916","20327","Kotak Mahindra Mutual Fund","Kotak IT ETF","INF174KA1GC5","Equity ETFs","N","Y","IT - Software"
"75467","41958","35448","Axis Mutual Fund","Axis Nifty IT ETF","INF846K01Y96","Equity ETFs","Y","Y","IT - Software"
"75471","41967","19712","Nippon India Mutual Fund","Nippon India ETF Nifty 5 Yr Benchmark GSec","INF204KC1030","Debt ETFs","N","Y","Government Securities"
"75636","42054","35448","Axis Mutual Fund","Axis Nifty Healthcare ETF","INF846K01Z12","Equity ETFs","Y","Y","Healthcare"
"75643","42073","3583","ICICI Prudential Mutual Fund","ICICI Prudential Healthcare ETF","INF109KC1Q72","Equity ETFs","Y","Y","Healthcare"
"75652","42000","28628","Mirae Asset Mutual Fund","Mirae Asset NYSE FANG+ ETF","INF769K01HF4","Global ETFs","Y","Y","Global Markets"
"75704","42116","19712","Nippon India Mutual Fund","Nippon India NIFTY Pharma ETF Growth Plan","INF204KC1089","Equity ETFs","Y","Y","Pharmaceuticals"
"75721","42145","6051","SBI Mutual Fund","SBI ETF Consumption","INF200KA1X17","Equity ETFs","N","Y","FMCG"
"75766","42188","3583","ICICI Prudential Mutual Fund","ICICI Prudential FMCG ETF","INF109KC19V3","Equity ETFs","Y","Y","FMCG"
"75775","42205","28628","Mirae Asset Mutual Fund","Mirae Asset Nifty Financial Services ETF - RG","INF769K01HI8","Equity ETFs","Y","Y","Financial Services"
"75824","42277","28628","Mirae Asset Mutual Fund","Mirae Asset S&P 500 Top 50 ETF","INF769K01HP3","Global ETFs","Y","Y","Global Markets"
"75849","42268","35448","Axis Mutual Fund","Axis Nifty India Consumption ETF","INF846K016C7","Equity ETFs","Y","Y","FMCG"
"76041","42361","5946","Aditya Birla Sun Life Mutual Fund","Aditya Birla Sun Life NIFTY Healthcare ETF","INF209KB10C2","Equity ETFs","Y","Y","Healthcare"
"76063","42383","3583","ICICI Prudential Mutual Fund","ICICI Prudential Nifty India Consumption ETF","INF109KC1V42","Equity ETFs","Y","Y","FMCG"
"76064","42382","18585","DSP Mutual Fund","DSP Nifty 50 Equal Weight ETF","INF740KA1QK2","Equity ETFs","Y","Y","Broad Market"
"76067","42392","5946","Aditya Birla Sun Life Mutual Fund","Aditya Birla Sun Life Nifty IT ETF","INF209KB11D8","Equity ETFs","Y","Y","IT - Software"
"76240","42492","18585","DSP Mutual Fund","DSP Nifty 50 ETF","INF740KA1CL0","Equity ETFs","Y","Y","Broad Market"
"76241","42499","20327","Kotak Mahindra Mutual Fund","Kotak Nifty Alpha 50 ETF","INF174KA1IA5","Equity ETFs","Y","Y","Broad Market"
"76245","42494","29993","Edelweiss Mutual Fund","Bharat Bond ETF - April 2032","INF754K01OB1","Debt ETFs","Y","Y","Corporate Bond"
"76255","42493","18585","DSP Mutual Fund","DSP Nifty Midcap 150 Quality 50 ETF","INF740KA1ZF3","Equity ETFs","Y","Y","Broad Market"
"76279","42459","28628","Mirae Asset Mutual Fund","Mirae Asset Hang Seng TECH ETF","INF769K01HS7","Global ETFs","Y","Y","Global Markets"
"76283","42520","38442","Motilal Oswal Mutual Fund","Motilal Oswal Nasdaq Q 50 ETF","INF247L01AU3","Global ETFs","Y","Y","Global Markets"
"76380","42561","3583","ICICI Prudential Mutual Fund","ICICI Prudential Silver ETF","INF109KC1Y56","Commodity ETFs","Y","Y","Precious Metals"
"76381","42560","3583","ICICI Prudential Mutual Fund","ICICI Prudential Nifty Auto ETF","INF109KC10V2","Equity ETFs","Y","Y","Automobile"
"76382","42559","19712","Nippon India Mutual Fund","Nippon India Nifty Auto ETF","INF204KC1337","Equity ETFs","N","Y","Automobile"
"76391","42618","20327","Kotak Mahindra Mutual Fund","Kotak Nifty Midcap 50 ETF","INF174KA1ZC5","Equity ETFs","N","Y","Broad Market"
"76396","42628","28628","Mirae Asset Mutual Fund","Mirae Asset Nifty India Manufacturing ETF","INF769K01IB1","Equity ETFs","Y","Y","Manufacturing"
"76398","42637","5946","Aditya Birla Sun Life Mutual Fund","Aditya Birla Sun Life Silver ETF","INF209KB19F6","Commodity ETFs","Y","Y","Precious Metals"
"76404","42623","19712","Nippon India Mutual Fund","Nippon India Silver ETF","INF204KC1402","Commodity ETFs","Y","Y","Precious Metals"
"76415","42664","38442","Motilal Oswal Mutual Fund","Motilal Oswal Nifty 200 Momentum 30 ETF","INF247L01BK2","Equity ETFs","Y","Y","Broad Market"
"76517","42775","28628","Mirae Asset Mutual Fund","Mirae Asset Nifty Midcap 150 ETF","INF769K01IC9","Equity ETFs","Y","Y","Broad Market"
"76560","42778","38442","Motilal Oswal Mutual Fund","Motilal Oswal S&P BSE Low Volatility ETF","INF247L01BL0","Equity ETFs","Y","Y","Broad Market"
"76593","42783","3583","ICICI Prudential Mutual Fund","ICICI Prudential Nifty 5 Yr Benchmark G-Sec ETF","INF109KC14A8","Debt ETFs","Y","Y","Government Securities"
"76601","42810","5431","Tata Mutual Fund","Tata Nifty India Digital ETF","INF277KA1364","Equity ETFs","N","Y","Digital"
"76614","42817","20327","Kotak Mahindra Mutual Fund","Kotak Nifty 100 Low Vol 30 ETF","INF174KA1IY5","Equity ETFs","N","Y","Broad Market"
"77227","42978","38442","Motilal Oswal Mutual Fund","Motilal Oswal S&P BSE Healthcare ETF","INF247L01BB1","Equity ETFs","Y","Y","Healthcare"
"77253","43015","3583","ICICI Prudential Mutual Fund","ICICI Prudential Nifty 200 Momentum 30 ETF","INF109KC17C7","Equity ETFs","Y","Y","Broad Market"
"77335","42999","5946","Aditya Birla Sun Life Mutual Fund","Aditya Birla Sun Life Nifty 200 Momentum 30 ETF","INF209KB14K7","Equity ETFs","Y","Y","Broad Market"
"77336","43000","5946","Aditya Birla Sun Life Mutual Fund","Aditya Birla Sun Life Nifty 200 Quality 30 ETF","INF209KB15K4","Equity ETFs","Y","Y","Broad Market"
"77337","43057","38442","Motilal Oswal Mutual Fund","Motilal Oswal S&P BSE Quality ETF Fund","INF247L01BH8","Equity ETFs","Y","Y","Broad Market"
"77338","43064","18585","DSP Mutual Fund","DSP Silver ETF","INF740KA1RE3","Commodity ETFs","Y","Y","Precious Metals"
"77339","43056","38442","Motilal Oswal Mutual Fund","Motilal Oswal S&P BSE Enhanced Value ETF Fund","INF247L01BE5","Equity ETFs","Y","Y","Broad Market"
"77342","43071","20327","Kotak Mahindra Mutual Fund","Kotak Nifty MNC ETF","INF174KA1JF2","Equity ETFs","N","Y","Broad Market"
"77346","43032","20327","Kotak Mahindra Mutual Fund","Kotak Nifty India Consumption ETF","INF174KA1ZF8","Equity ETFs","N","Y","FMCG"
"77458","43031","21273","HDFC Mutual Fund","HDFC Nifty Next 50 ETF","INF179KC1HS2","Equity ETFs","Y","Y","Broad Market"
"77459","43030","21273","HDFC Mutual Fund","HDFC Nifty 100 ETF","INF179KC1HR4","Equity ETFs","Y","Y","Broad Market"
"77572","43097","21273","HDFC Mutual Fund","HDFC Silver ETF","INF179KC1DI2","Commodity ETFs","Y","Y","Precious Metals"
"77618","43072","3583","ICICI Prudential Mutual Fund","ICICI Prudential Nifty Infrastructure ETF","INF109KC16E5","Equity ETFs","Y","Y","Infrastructure Developers & Operators"
"77746","43150","35448","Axis Mutual Fund","Axis Silver ETF","INF846K011K1","Commodity ETFs","N","Y","Precious Metals"
"77818","43160","21273","HDFC Mutual Fund","HDFC Nifty 100 Quality 30 ETF","INF179KC1DL6","Equity ETFs","Y","Y","Broad Market"
"77819","43159","21273","HDFC Mutual Fund","HDFC Nifty 50 Value 20 ETF","INF179KC1DK8","Equity ETFs","Y","Y","Broad Market"
"77820","43161","21273","HDFC Mutual Fund","HDFC Nifty Growth Sectors 15 ETF","INF179KC1DJ0","Equity ETFs","Y","Y","Broad Market"
"77873","43194","21273","HDFC Mutual Fund","HDFC Nifty 200 Momentum 30 ETF","INF179KC1HV6","Equity ETFs","Y","Y","Broad Market"
"77874","43195","21273","HDFC Mutual Fund","HDFC Nifty 100 Low Volatility 30 ETF","INF179KC1HU8","Equity ETFs","Y","Y","Broad Market"
"77993","43339","21273","HDFC Mutual Fund","HDFC Nifty IT ETF","INF179KC1IA8","Equity ETFs","Y","Y","IT - Software"
"77994","43340","21273","HDFC Mutual Fund","HDFC Nifty Private Bank ETF","INF179KC1HZ7","Equity ETFs","Y","Y","Banks"
"78062","43421","3583","ICICI Prudential Mutual Fund","ICICI Prudential Nifty Financial Serv. Ex-Bank ETF","INF109KC17L8","Equity ETFs","Y","Y","Banks"
"78066","43486","20327","Kotak Mahindra Mutual Fund","Kotak Silver ETF","INF174KA1ZD3","Commodity ETFs","N","Y","Precious Metals"
"78135","43525","29993","Edelweiss Mutual Fund","Bharat Bond ETF - April 2033","INF754K01QX0","Debt ETFs","Y","Y","Corporate Bond"
"78307","43562","3583","ICICI Prudential Mutual Fund","ICICI Prudential Nifty 10 yr Benchmark G-Sec ETF","INF109KC18O0","Debt ETFs","Y","Y","Government Securities"
"78334","43571","3583","ICICI Prudential Mutual Fund","ICICI Prudential Nifty Commodities ETF","INF109KC19O8","Equity ETFs","Y","Y","Commodities"
"78344","43624","18585","DSP Mutual Fund","DSP Nifty Bank ETF","INF740KA1RX3","Equity ETFs","Y","Y","Banks"
"78459","43719","20327","Kotak Mahindra Mutual Fund","Kotak Nifty 1D Rate Liquid ETF","INF174KA1LV5","Debt ETFs","Y","Y","Liquid / Overnight"
"78516","43734","21273","HDFC Mutual Fund","HDFC BSE 500 ETF","INF179KC1EZ4","Equity ETFs","Y","Y","Broad Market"
"78517","43732","21273","HDFC Mutual Fund","HDFC Nifty Midcap 150 ETF","INF179KC1HT0","Equity ETFs","Y","Y","Broad Market"
"78518","43733","21273","HDFC Mutual Fund","HDFC Nifty Small Cap 250 ETF","INF179KC1FB2","Equity ETFs","Y","Y","Broad Market"
"78625","43781","28628","Mirae Asset Mutual Fund","Mirae Asset Gold ETF","INF769K01JP9","Commodity ETFs","Y","Y","Precious Metals"
"78732","43880","5946","Aditya Birla Sun Life Mutual Fund","Aditya Birla Sun Life Crisil Liquid Overnight ETF","INF209KB18T9","Debt ETFs","Y","Y","Liquid / Overnight"
"78783","43922","35448","Axis Mutual Fund","AXIS BSE SENSEX ETF","INF846K010Q0","Equity ETFs","Y","Y","Broad Market"
"78785","43921","28628","Mirae Asset Mutual Fund","Mirae Asset Nifty 100 Low Volatility 30 ETF","INF769K01JU9","Equity ETFs","Y","Y","Broad Market"
"78791","43920","3583","ICICI Prudential Mutual Fund","ICICI Prudential Nifty PSU Bank ETF","INF109KC10S8","Equity ETFs","Y","Y","Banks"
"78922","44057","28628","Mirae Asset Mutual Fund","Mirae Asset Nifty 8-13 Yr G-Sec ETF","INF769K01KF8","Debt ETFs","Y","Y","Government Securities"
"78986","44083","18585","DSP Mutual Fund","DSP Gold ETF","INF740KA1SW3","Commodity ETFs","Y","Y","Precious Metals"
"79001","44076","23411","UTI Mutual Fund","UTI Silver ETF","INF789F1AYK6","Commodity ETFs","Y","Y","Precious Metals"
"79258","44123","28628","Mirae Asset Mutual Fund","Mirae Asset Silver ETF","INF769K01KG6","Commodity ETFs","Y","Y","Precious Metals"
"91680","44154","18585","DSP Mutual Fund","DSP Nifty IT ETF","INF740KA1SX1","Equity ETFs","Y","Y","IT - Software"
"91739","44199","28628","Mirae Asset Mutual Fund","Mirae Asset Nifty Bank ETF","INF769K01KR3","Equity ETFs","Y","Y","Banks"
"91785","44250","28628","Mirae Asset Mutual Fund","Mirae Asset Nifty 1D Rate Liquid ETF","INF769K01KS1","Debt ETFs","Y","Y","Liquid / Overnight"
"91799","44216","18585","DSP Mutual Fund","DSP BSE Sensex ETF","INF740KA1SZ6","Equity ETFs","Y","Y","Broad Market"
"91800","44217","18585","DSP Mutual Fund","DSP Nifty Private Bank ETF","INF740KA1TA7","Equity ETFs","Y","Y","Banks"
"91801","44218","18585","DSP Mutual Fund","DSP Nifty PSU Bank ETF","INF740KA1SY9","Equity ETFs","Y","Y","Banks"
"91820","44241","3583","ICICI Prudential Mutual Fund","ICICI Prudential Nifty 200 Quality 30 ETF","INF109KC18V5","Equity ETFs","Y","Y","Broad Market"
"91886","44293","21273","HDFC Mutual Fund","HDFC Nifty 1D Rate Liquid ETF-Growth","INF179KC1JG3","Debt ETFs","Y","Y","Liquid / Overnight"
"91896","44294","23411","UTI Mutual Fund","UTI Nifty Midcap 150 ETF","INF789F1AYX9","Equity ETFs","Y","Y","Broad Market"
"92030","44338","28628","Mirae Asset Mutual Fund","Mirae Asset S&P BSE Sensex ETF","INF769K01KT9","Equity ETFs","Y","Y","Broad Market"
"92197","44347","38442","Motilal Oswal Mutual Fund","Motilal Oswal Nifty 500 ETF","INF247L01BU1","Equity ETFs","Y","Y","Broad Market"
"92427","44379","28628","Mirae Asset Mutual Fund","Mirae Asset Nifty IT ETF","INF769K01KV5","Equity ETFs","Y","Y","IT - Software"
"92428","44360","28628","Mirae Asset Mutual Fund","Mirae Asset Nifty 200 Alpha 30 ETF","INF769K01KU7","Equity ETFs","Y","Y","Broad Market"
"92431","44396","6051","SBI Mutual Fund","SBI Nifty 1D Rate ETF","INF200KA13Z8","Debt ETFs","Y","Y","Liquid / Overnight"
"92453","44421","29993","Edelweiss Mutual Fund","Edelweiss Gold ETF","INF754K01SE6","Commodity ETFs","N","Y","Precious Metals"
"92516","44440","29993","Edelweiss Mutual Fund","Edelweiss Silver ETF","INF754K01SF3","Commodity ETFs","N","Y","Precious Metals"
"92634","44455","6502","Baroda BNP Paribas Mutual Fund","Baroda BNP Paribas Gold ETF","INF251K01SU9","Commodity ETFs","Y","Y","Precious Metals"
"92713","44550","92399","Zerodha Mutual Fund","Zerodha Nifty 1D Rate Liquid ETF","INF0R8F01034","Debt ETFs","Y","Y","Liquid / Overnight"
"92738","44529","5431","Tata Mutual Fund","Tata Silver Exchange Traded Fund","INF277KA1984","Commodity ETFs","Y","Y","Precious Metals"
"92739","44528","5431","Tata Mutual Fund","Tata Gold Exchange Traded Fund","INF277KA1976","Commodity ETFs","Y","Y","Precious Metals"
"92766","44582","78997","Bajaj Finserv Mutual Fund","Bajaj Finserv Nifty 50 ETF","INF0QA701722","Equity ETFs","Y","Y","Broad Market"
"92767","44583","78997","Bajaj Finserv Mutual Fund","Bajaj Finserv Nifty Bank ETF","INF0QA701714","Equity ETFs","Y","Y","Banks"
"92775","44592","23411","UTI Mutual Fund","UTI Nifty IT ETF","INF789F1AZD8","Equity ETFs","Y","Y","IT - Software"
"92776","44597","23411","UTI Mutual Fund","UTI Nifty 5 yr Benchmark G-Sec ETF","INF789F1AZE6","Debt ETFs","Y","Y","Government Securities"
"92777","44598","23411","UTI Mutual Fund","UTI Nifty 10 yr Benchmark G-Sec ETF","INF789F1AZF3","Debt ETFs","Y","Y","Government Securities"
"92792","44523","18585","DSP Mutual Fund","DSP Nifty Healthcare ETF","INF740KA1ZG1","Equity ETFs","Y","Y","Healthcare"
"92793","44581","21273","HDFC Mutual Fund","HDFC Nifty PSU Bank ETF","INF179KC1HW4","Equity ETFs","Y","Y","Banks"
"92825","44670","17424","LIC Mutual Fund","LIC MF Nifty Midcap 100 ETF","INF767K01RN1","Equity ETFs","Y","Y","Broad Market"
"92844","44691","92399","Zerodha Mutual Fund","Zerodha Gold ETF","INF0R8F01042","Commodity ETFs","Y","Y","Precious Metals"
"92888","44607","28628","Mirae Asset Mutual Fund","Mirae Asset Nifty Smallcap 250 Momen.Quali. 100ETF","INF769K01LC3","Equity ETFs","Y","Y","Broad Market"
"92926","44722","38442","Motilal Oswal Mutual Fund","Motilal Oswal Nifty Realty ETF","INF247L01CI4","Equity ETFs","Y","Y","Realty"
"92927","44723","38442","Motilal Oswal Mutual Fund","Motilal Oswal Nifty Smallcap 250 ETF","INF247L01CH6","Equity ETFs","Y","Y","Broad Market"
"92978","44764","18585","DSP Mutual Fund","DSP BSE Liquid Rate ETF","INF740KA1UM0","Debt ETFs","Y","Y","Liquid / Overnight"
"93058","44834","5946","Aditya Birla Sun Life Mutual Fund","Aditya Birla Sun Life Nifty PSE ETF","INF209KB19Z4","Equity ETFs","Y","Y","Public Sector Enterprises"
"93083","44821","28628","Mirae Asset Mutual Fund","Mirae AN Midsmallcap400 Momentum Quality 100 ETF","INF769K01LJ8","Equity ETFs","Y","Y","Broad Market"
"93101","44859","78997","Bajaj Finserv Mutual Fund","Bajaj Finserv Nifty 1D Rate Liquid ETF - Growth","INF0QA701854","Debt ETFs","Y","Y","Liquid / Overnight"
"93229","44885","92399","Zerodha Mutual Fund","Zerodha Nifty Midcap 150 ETF","INF0R8F01059","Equity ETFs","Y","Y","Broad Market"
"93230","44884","92399","Zerodha Mutual Fund","Zerodha Nifty 100 ETF","INF0R8F01067","Equity ETFs","Y","Y","Broad Market"
"93252","44892","6502","Baroda BNP Paribas Mutual Fund","Baroda BNP Paribas Nifty Bank ETF","INF251K01TL6","Equity ETFs","Y","Y","Banks"
"93278","44938","6051","SBI Mutual Fund","SBI Silver ETF","INF200KB1217","Commodity ETFs","Y","Y","Precious Metals"
"93291","44945","6011","Shriram Mutual Fund","Shriram Nifty 1D Rate Liquid ETF","INF680P01422","Debt ETFs","Y","Y","Liquid / Overnight"
"93293","44950","5946","Aditya Birla Sun Life Mutual Fund","Aditya Birla Sun Life CRISIL Broad Based Gilt ETF","INF209KC1134","Debt ETFs","Y","Y","Government Securities"
"93323","44935","28628","Mirae Asset Mutual Fund","Mirae Asset Nifty EV and New Age Automotive ETF","INF769K01LQ3","Equity ETFs","Y","Y","Automobile"
"93338","44966","6051","SBI Mutual Fund","SBI Nifty50 Equal Weight ETF","INF200KB1282","Equity ETFs","Y","Y","Broad Market"
"93352","44961","3583","ICICI Prudential Mutual Fund","ICICI Prudential Nifty Oil & Gas ETF","INF109KC18W3","Equity ETFs","Y","Y","Energy"
"93502","44981","41332","Groww Mutual Fund","Groww Nifty EV & New Age Automotive ETF","INF666M01IH2","Equity ETFs","N","Y","Automobile"
"93521","45023","5946","Aditya Birla Sun Life Mutual Fund","Aditya Birla Sun Life Crisil 10 Year Gilt ETF","INF209KC1142","Debt ETFs","Y","Y","Government Securities"
"93532","44986","3583","ICICI Prudential Mutual Fund","ICICI Prudential Nifty Metal ETF","INF109KC19W1","Equity ETFs","Y","Y","Metal"
"93558","45053","38442","Motilal Oswal Mutual Fund","Motilal Oswal Nifty India Defence ETF","INF247L01DJ0","Equity ETFs","Y","Y","Aerospace & Defence"
"93699","45024","28628","Mirae Asset Mutual Fund","Mirae Asset Nifty 500 Multicap 50:25:25 ETF","INF769K01LX9","Equity ETFs","Y","Y","Broad Market"
"93831","45025","18585","DSP Mutual Fund","DSP Nifty Top 10 Equal Weight ETF","INF740KA1UR9","Equity ETFs","Y","Y","Broad Market"
"93940","45088","29993","Edelweiss Mutual Fund","Edelweiss Nifty Bank ETF","INF754K01TE4","Equity ETFs","N","Y","Banks"
"93988","45091","38442","Motilal Oswal Mutual Fund","Motilal Oswal Nifty 500 Momentum 50 ETF","INF247L01DK8","Equity ETFs","Y","Y","Broad Market"
"94009","45115","28628","Mirae Asset Mutual Fund","Mirae Asset Nifty Metal ETF","INF769K01LY7","Equity ETFs","Y","Y","Metal"
"94010","45038","41332","Groww Mutual Fund","Groww Nifty India Defence ETF","INF666M01IO8","Equity ETFs","Y","Y","Aerospace & Defence"
"94017","45100","41332","Groww Mutual Fund","Groww Nifty 1D Rate Liquid ETF","INF666M01IP5","Debt ETFs","Y","Y","Liquid / Overnight"
"94021","45133","3583","ICICI Prudential Mutual Fund","ICICI Prudential Nifty200 Value 30 ETF","INF109KC16X5","Equity ETFs","Y","Y","Broad Market"
"94089","45118","28628","Mirae Asset Mutual Fund","Mirae Asset Nifty PSU Bank ETF","INF769K01LZ4","Equity ETFs","Y","Y","Banks"
"94119","45166","41332","Groww Mutual Fund","Groww Gold ETF","INF666M01OE7","Commodity ETFs","Y","Y","Precious Metals"
"94134","45185","29993","Edelweiss Mutual Fund","Edelweiss Nifty500 Multicap Momentum Qual. 50 ETF","INF754K01TF1","Equity ETFs","N","Y","Broad Market"
"94149","45243","28628","Mirae Asset Mutual Fund","Mirae Asset Nifty 1D Rate Liquid ETF-Growth","INF769K01MY5","Debt ETFs","Y","Y","Liquid / Overnight"
"94325","45374","28628","Mirae Asset Mutual Fund","Mirae Asset Nifty India New Age Consumption ETF","INF769K01NS5","Equity ETFs","Y","Y","FMCG"
"94336","45369","29993","Edelweiss Mutual Fund","Edelweiss BSE Capital Markets & Insurance ETF","INF754K01TX4","Equity ETFs","Y","Y","Insurance"
"94507","45413","18585","DSP Mutual Fund","DSP BSE SENSEX Next 30 ETF","INF740KA1VE5","Equity ETFs","Y","Y","Broad Market"
"94517","45414","41332","Groww Mutual Fund","Groww Nifty India Railways PSU ETF","INF666M01JJ6","Equity ETFs","Y","Y","Railways"
"94547","45506","41236","Union Mutual Fund","Union Gold ETF","INF582M01KS4","Commodity ETFs","Y","Y","Precious Metals"
"94567","45494","20327","Kotak Mahindra Mutual Fund","Kotak MSCI India ETF","INF174KA1VD2","Equity ETFs","N","Y","Broad Market"
"94569","45515","41332","Groww Mutual Fund","Groww Nifty 200 ETF","INF666M01JV1","Equity ETFs","N","Y","Broad Market"
"94579","45497","20327","Kotak Mahindra Mutual Fund","Kotak Nifty 100 Equal Weight ETF","INF174KA1UW4","Equity ETFs","N","Y","Broad Market"
"94582","45518","94508","Angel One Mutual Fund","Angel One Nifty Total Market ETF","INF1J2R01015","Equity ETFs","N","Y","Broad Market"
"94597","45597","38442","Motilal Oswal Mutual Fund","Motilal Oswal Nifty Capital Market ETF","INF247L01EV3","Equity ETFs","Y","Y","Financial Services"
"94612","45547","28628","Mirae Asset Mutual Fund","Mirae Asset BSE Select IPO ETF","INF769K01ON4","Equity ETFs","Y","Y","Broad Market"
"94613","45537","41331","360 ONE Mutual Fund","360 ONE Gold ETF","INF579M01BB5","Commodity ETFs","Y","Y","Precious Metals"
"94614","45546","28628","Mirae Asset Mutual Fund","Mirae Asset BSE 200 Equal Weight ETF","INF769K01OA1","Equity ETFs","Y","Y","Broad Market"
"94620","45580","3583","ICICI Prudential Mutual Fund","ICICI Prudential BSE Liquid Rate ETF - Growth","INF109K1A021","Debt ETFs","Y","Y","Liquid / Overnight"
"94621","45595","35448","Axis Mutual Fund","Axis Nifty500 Value 50 ETF","INF846KA1119","Equity ETFs","Y","Y","Broad Market"
"94631","45596","92399","Zerodha Mutual Fund","Zerodha Silver ETF","INF0R8F01091","Commodity ETFs","Y","Y","Precious Metals"
"94632","45613","6051","SBI Mutual Fund","SBI BSE PSU Bank ETF","INF200KB1712","Equity ETFs","Y","Y","Banks"
"94638","45623","94508","Angel One Mutual Fund","Angel One Nifty 1D Rate Liquid ETF - Growth","INF1J2R01056","Debt ETFs","N","Y","Liquid / Overnight"
"94639","45575","20327","Kotak Mahindra Mutual Fund","Kotak Nifty Midcap 150 ETF","INF174KA1VW2","Equity ETFs","N","Y","Broad Market"
"95331","45594","41331","360 ONE Mutual Fund","360 ONE Silver ETF","INF579M01BC3","Commodity ETFs","Y","Y","Precious Metals"
"95362","45581","3583","ICICI Prudential Mutual Fund","ICICI Prudential Nifty EV & New Age Automotive ETF","INF109K1A153","Equity ETFs","Y","Y","Automobile"
"95382","45630","41332","Groww Mutual Fund","Groww Nifty 500 Momentum 50 ETF","INF666M01KJ4","Equity ETFs","N","Y","Broad Market"
"95392","45705","38442","Motilal Oswal Mutual Fund","Motilal Oswal Nifty 50 Equal Weight ETF","INF247L01FC0","Equity ETFs","N","Y","Broad Market"
"95405","45711","38442","Motilal Oswal Mutual Fund","Motilal Oswal Nifty Next 50 ETF","INF247L01FD8","Equity ETFs","N","Y","Broad Market"
"95411","45685","28628","Mirae Asset Mutual Fund","Mirae Asset Nifty50 Equal Weight ETF","INF769K01OO2","Equity ETFs","Y","Y","Broad Market"
"95414","45732","38442","Motilal Oswal Mutual Fund","Motilal Oswal BSE India Infrastructure ETF","INF247L01FL1","Equity ETFs","N","Y","Infrastructure Developers & Operators"
"95427","45746","38442","Motilal Oswal Mutual Fund","Motilal Oswal Nifty India Manufacturing ETF","INF247L01FK3","Equity ETFs","N","Y","Manufacturing"
"95428","45686","41332","Groww Mutual Fund","Groww Silver ETF","INF666M01OF4","Commodity ETFs","Y","Y","Precious Metals"
"95442","45706","94508","Angel One Mutual Fund","Angel One Nifty 50 ETF","INF1J2R01064","Equity ETFs","N","Y","Broad Market"
"95449","45762","38442","Motilal Oswal Mutual Fund","Motilal Oswal Nifty PSE ETF","INF247L01FO5","Equity ETFs","N","Y","Public Sector Enterprises"
"95476","45773","38442","Motilal Oswal Mutual Fund","Motilal Oswal Nifty India Tourism ETF","INF247L01FP2","Equity ETFs","N","Y","Tourism"
"95480","45739","19712","Nippon India Mutual Fund","Nippon India BSE Sensex Next 30 ETF","INF204KC1EZ3","Equity ETFs","Y","Y","Broad Market"
"95532","45747","41332","Groww Mutual Fund","Groww Nifty 500 Low Volatility 50 ETF","INF666M01LB9","Equity ETFs","N","Y","Broad Market"
"95566","45854","38442","Motilal Oswal Mutual Fund","Motilal Oswal Nifty Midcap150 Momentum 50 ETF","INF247L01FQ0","Equity ETFs","N","Y","Broad Market"
"95572","45778","3583","ICICI Prudential Mutual Fund","ICICI Prudential Nifty Top 15 Equal Weight ETF","INF109K1A344","Equity ETFs","Y","Y","Broad Market"
"95576","45787","41332","Groww Mutual Fund","Groww Nifty India Internet ETF","INF666M01LI4","Equity ETFs","N","Y","Digital"
"95613","45890","38442","Motilal Oswal Mutual Fund","Motilal Oswal Nifty Alpha 50 ETF","INF247L01FR8","Equity ETFs","N","Y","Broad Market"
"95618","45796","28628","Mirae Asset Mutual Fund","Mirae Asset Nifty India Internet ETF","INF769K01PB6","Equity ETFs","Y","Y","Digital"
"95689","45810","20327","Kotak Mahindra Mutual Fund","Kotak Nifty200 Quality 30 ETF","INF174KA1WT6","Equity ETFs","N","Y","Broad Market"
"95691","45861","41332","Groww Mutual Fund","Groww Nifty 50 ETF","INF666M01LL8","Equity ETFs","N","Y","Broad Market"
"95697","45891","19712","Nippon India Mutual Fund","Nippon India Nifty 1D Rate Liquid ETF - Growth","INF204KC1FU1","Debt ETFs","N","Y","Liquid / Overnight"
"95707","45930","38442","Motilal Oswal Mutual Fund","Motilal Oswal Gold ETF","INF247L01FY4","Commodity ETFs","Y","Y","Precious Metals"
"95737","45908","41332","Groww Mutual Fund","Groww BSE Power ETF","INF666M01LM6","Equity ETFs","Y","Y","Energy"
"95749","45978","38442","Motilal Oswal Mutual Fund","Motilal Oswal Silver ETF","INF247L01FZ1","Commodity ETFs","Y","Y","Precious Metals"
"95762","45963","6051","SBI Mutual Fund","SBI Nifty 1D Rate Liquid ETF","INF200KB1969","Debt ETFs","Y","Y","Liquid / Overnight"
"95768","45977","92399","Zerodha Mutual Fund","Zerodha Nifty 8-13 Yr G-Sec ETF","INF0R8F01133","Debt ETFs","Y","Y","Government Securities"
"95783","45951","41332","Groww Mutual Fund","Groww Nifty Next 50 ETF","INF666M01LZ8","Equity ETFs","N","Y","Broad Market"
"95789","45968","19712","Nippon India Mutual Fund","Nippon India Nifty India Manufacturing ETF","INF204KC1GH6","Equity ETFs","Y","Y","Manufacturing"
"95837","46005","29993","Edelweiss Mutual Fund","Edelweiss Nifty LargeMidcap 250 ETF","INF754K01VV4","Equity ETFs","N","Y","Broad Market"
"95851","45989","94508","Angel One Mutual Fund","Angel One Gold ETF","INF1J2R01114","Commodity ETFs","N","Y","Precious Metals"
"95856","46004","92399","Zerodha Mutual Fund","Zerodha Nifty Smallcap 100 ETF","INF0R8F01141","Equity ETFs","Y","Y","Broad Market"
"95979","46036","41332","Groww Mutual Fund","Groww Nifty Realty ETF","INF666M01MN2","Equity ETFs","N","Y","Realty"
"95982","46069","29993","Edelweiss Mutual Fund","Edelweiss Nifty 1D Rate Liquid ETF","INF754K01VW2","Debt ETFs","Y","Y","Liquid / Overnight"
"95998","46087","38442","Motilal Oswal Mutual Fund","Motilal Oswal Nifty 100 ETF","INF247L01GG9","Equity ETFs","N","Y","Broad Market"
"95999","46088","38442","Motilal Oswal Mutual Fund","Motilal Oswal Nifty Energy ETF","INF247L01GH7","Equity ETFs","N","Y","Energy"
"96027","46031","18585","DSP Mutual Fund","DSP Nifty500 Flexicap Quality 30 ETF","INF740KA1WU9","Equity ETFs","Y","Y","Broad Market"
"96036","46053","20327","Kotak Mahindra Mutual Fund","Kotak Nifty 200 Momentum 30 ETF","INF174KA1XS6","Equity ETFs","N","Y","Broad Market"
"96037","46063","92399","Zerodha Mutual Fund","Zerodha Nifty 50 ETF","INF0R8F01166","Equity ETFs","Y","Y","Broad Market"
"96069","46082","41332","Groww Mutual Fund","Groww Nifty Smallcap 250 ETF","INF666M01MO0","Equity ETFs","N","Y","Broad Market"
"96075","46100","95861","Choice Mutual Fund","Choice Gold ETF","INF2KCX01012","Commodity ETFs","Y","Y","Precious Metals"
"96079","46108","28628","Mirae Asset Mutual Fund","Mirae Asset Nifty Smallcap 250 ETF","INF769K01PQ4","Equity ETFs","Y","Y","Broad Market"
"96080","46107","28628","Mirae Asset Mutual Fund","Mirae Asset Nifty Energy ETF","INF769K01PR2","Equity ETFs","Y","Y","Energy"
"96104","46153","38442","Motilal Oswal Mutual Fund","Motilal Oswal BSE Select IPO ETF","INF247L01GI5","Equity ETFs","N","Y","Broad Market"
"96105","46102","41332","Groww Mutual Fund","Groww Nifty Midcap 150 ETF","INF666M01MV5","Equity ETFs","N","Y","Broad Market"
"96106","46101","20327","Kotak Mahindra Mutual Fund","Kotak Nifty Chemicals ETF","INF174KA1XV0","Equity ETFs","N","Y","Chemicals"
"96108","46174","38442","Motilal Oswal Mutual Fund","Motilal Oswal Nifty Services Sector ETF","INF247L01GJ3","Equity ETFs","N","Y","Services"
"96109","46113","29993","Edelweiss Mutual Fund","Edelweiss BSE Sensex ETF","INF754K01VY8","Equity ETFs","Y","Y","Broad Market"
"96110","46114","29993","Edelweiss Mutual Fund","Edelweiss Nifty 50 ETF","INF754K01VX0","Equity ETFs","N","Y","Broad Market"
"96111","46115","94508","Angel One Mutual Fund","Angel One Nifty Total Market Momentum Qual. 50 ETF","INF1J2R01148","Equity ETFs","N","Y","Broad Market"
"96119","46194","38442","Motilal Oswal Mutual Fund","Motilal Oswal Nifty MNC ETF","INF247L01GK1","Equity ETFs","N","Y","Broad Market"
"96120","46132","18585","DSP Mutual Fund","DSP MSCI India ETF","INF740KA1WV7","Equity ETFs","Y","Y","Broad Market"
"96130","46058","41332","Groww Mutual Fund","Groww Nifty Capital Markets ETF","INF666M01MM4","Equity ETFs","N","Y","Financial Services"
"96168","46192","21271","Bandhan Mutual Fund","Bandhan Silver ETF","INF194KB1KI9","Commodity ETFs","Y","Y","Precious Metals"
"96169","46193","21271","Bandhan Mutual Fund","Bandhan Gold ETF","INF194KB1KJ7","Commodity ETFs","Y","Y","Precious Metals"
"96178","46169","18585","DSP Mutual Fund","DSP Nifty Smallcap 250 ETF","INF740KA1WX3","Equity ETFs","Y","Y","Broad Market"
"96179","46164","18585","DSP Mutual Fund","DSP Nifty Midcap 150 ETF","INF740KA1WW5","Equity ETFs","Y","Y","Broad Market"
"96180","46196","28628","Mirae Asset Mutual Fund","Mirae Asset Nifty Top 20 Equal Weight ETF","INF769K01PZ5","Equity ETFs","Y","Y","Broad Market"
"96181","46195","28628","Mirae Asset Mutual Fund","Mirae Asset BSE 500 Dividend Leaders 50 ETF","INF769K01PY8","Equity ETFs","Y","Y","Broad Market"
"96356","46185","41332","Groww Mutual Fund","Groww Nifty Metal ETF","INF666M01NI0","Equity ETFs","N","Y","Metal"
"96376","46230","95771","The Wealth Company Mutual Fund","The Wealth Company Gold ETF","INF2F0001370","Commodity ETFs","Y","Y","Precious Metals"
"96399","46231","18585","DSP Mutual Fund","DSP Nifty Next 50 ETF","INF740KA1XU7","Equity ETFs","Y","Y","Broad Market"
"96412","46236","20327","Kotak Mahindra Mutual Fund","Kotak Nifty Next 50 ETF","INF174KA1YO3","Equity ETFs","N","Y","Broad Market"
"96415","46257","41332","Groww Mutual Fund","Groww Nifty Chemicals ETF","INF666M01NP5","Equity ETFs","N","Y","Chemicals"
"96450","46304","41332","Groww Mutual Fund","Groww Nifty PSE ETF","INF666M01NQ3","Equity ETFs","N","Y","Public Sector Enterprises"
"96452","46309","28628","Mirae Asset Mutual Fund","Mirae Asset Nifty 500 Healthcare ETF","INF769K01QA6","Equity ETFs","Y","Y","Healthcare"
"96453","46316","28628","Mirae Asset Mutual Fund","Mirae Asset Nifty India Infrastr. & Logistics ETF","INF769K01QB4","Equity ETFs","Y","Y","Infrastructure Developers & Operators"
"96456","46321","28628","Mirae Asset Mutual Fund","Mirae Asset BSE India Defence ETF","INF769K01QC2","Equity ETFs","Y","Y","Aerospace & Defence"
"96459","46362","5946","Aditya Birla Sun Life Mutual Fund","Aditya Birla Sun Life MSCI India ETF","INF209KC1662","Equity ETFs","Y","Y","Broad Market"
"96479","46353","94508","Angel One Mutual Fund","Angel One Silver ETF","INF1J2R01171","Commodity ETFs","N","Y","Precious Metals"
"96483","46367","5946","Aditya Birla Sun Life Mutual Fund","Aditya Birla Sun Life BSE Top 10 Banks ETF","INF209KC1670","Equity ETFs","Y","Y","Banks"
"96489","46344","41332","Groww Mutual Fund","Groww BSE Hospitals ETF","INF666M01OD9","Equity ETFs","Y","Y","Healthcare"
"96490","46372","6051","SBI Mutual Fund","SBI Nifty Midcap 150 Momentum 50 ETF","INF200KB1AJ0","Equity ETFs","Y","Y","Broad Market"
"96502","46397","18585","DSP Mutual Fund","DSP BSE Top 10 Banks ETF","INF740KA1YH2","Equity ETFs","Y","Y","Banks"
"96532","46435","28628","Mirae Asset Mutual Fund","Mirae Asset Nifty 500 Value 50 ETF","INF769K01QV2","Equity ETFs","Y","Y","Broad Market"
"96533","46436","22962","HSBC Mutual Fund","HSBC Gold ETF","INF336L01RX2","Commodity ETFs","Y","Y","Precious Metals"
"96534","46426","41332","Groww Mutual Fund","Groww Nifty PSU Bank ETF","INF666M01OG2","Equity ETFs","N","Y","Banks"
"96768","46465","38442","Motilal Oswal Mutual Fund","Motilal Oswal BSE Top 10 Banks ETF","INF247L01GV8","Equity ETFs","N","Y","Banks"
"96773","46441","6051","SBI Mutual Fund","SBI Nifty Midcap 150 ETF","INF200KB1AK8","Equity ETFs","Y","Y","Broad Market"
"96873","46494","18585","DSP Mutual Fund","DSP Nifty FMCG ETF","INF740KA1ZA4","Equity ETFs","Y","Y","FMCG"
"96881","46491","29993","Edelweiss Mutual Fund","Edelweiss Nifty Next 50 ETF","INF754K01XF3","Equity ETFs","Y","Y","Broad Market"
"96882","46492","6051","SBI Mutual Fund","SBI Nifty Smallcap 250 ETF","INF200KB1AY9","Equity ETFs","Y","Y","Broad Market"
"96883","46493","6051","SBI Mutual Fund","SBI Nifty200 Value 30 ETF","INF200KB1AX1","Equity ETFs","Y","Y","Broad Market"
"96903","46484","41332","Groww Mutual Fund","Groww Nifty Private Bank ETF","INF666M01OT5","Equity ETFs","N","Y","Banks"
"96912","46511","41331","360 ONE Mutual Fund","360 ONE MSCI India ETF","INF579M01BP5","Equity ETFs","Y","Y","Broad Market"
"97002","46516","41332","Groww Mutual Fund","Groww Nifty Smallcap 250 Momentum Quality 100 ETF","INF666M01PG9","Equity ETFs","N","Y","Broad Market"
"97091","46529","3583","ICICI Prudential Mutual Fund","ICICI Prudential Nifty Smallcap 250 ETF","INF109K1A476","Equity ETFs","Y","Y","Broad Market"
"97275","46591","78997","Bajaj Finserv Mutual Fund","Bajaj Finserv BSE Top 10 Banks ETF","INF0QA701CI0","Equity ETFs","Y","Y","Banks"
"97276","46579","23411","UTI Mutual Fund","UTI Nifty 1D Rate Liquid ETF - Growth","INF789F1AG68","Debt ETFs","Y","Y","Liquid / Overnight"
"97287","46562","28628","Mirae Asset Mutual Fund","Mirae Asset BSE Midcap 150 Momentum 30 ETF","INF769K01RC0","Equity ETFs","Y","Y","Broad Market"
"97288","46578","20327","Kotak Mahindra Mutual Fund","Kotak Nifty Private Bank ETF","INF174KA1A94","Equity ETFs","N","Y","Banks"
"97416","46577","29993","Edelweiss Mutual Fund","Edelweiss Nifty Metal ETF","INF754K01XG1","Equity ETFs","N","Y","Metal"
"97417","46587","41332","Groww Mutual Fund","Groww Nifty Cements ETF","INF666M01PH7","Equity ETFs","N","Y","Broad Market"
"97445","46592","28628","Mirae Asset Mutual Fund","Mirae ANfy200 Mom. 30 Plus 8-13 yr GSec 50:50 ETF","INF769K01RJ5","Equity ETFs","Y","Y","Government Securities"
"97446","46605","21273","HDFC Mutual Fund","HDFC Nifty Metal ETF","INF179KC1KT4","Equity ETFs","Y","Y","Metal"
"97463","46646","38442","Motilal Oswal Mutual Fund","Motilal Oswal Nifty Metal ETF","INF247L01HG7","Equity ETFs","N","Y","Metal"
"97464","46647","38442","Motilal Oswal Mutual Fund","Motilal Oswal Nifty Oil & Gas ETF","INF247L01HH5","Equity ETFs","N","Y","Energy"
"97466","46608","3583","ICICI Prudential Mutual Fund","ICICI Prudential BSE Insurance ETF","INF109K1A567","Equity ETFs","Y","Y","Insurance"
"97468","46617","29993","Edelweiss Mutual Fund","Edelweiss BSE Top 10 Bank ETF","INF754K01XH9","Equity ETFs","Y","Y","Banks"
"97477","46620","18585","DSP Mutual Fund","DSP BSE MidSmall Private Banks ETF","INF740KA1ZH9","Equity ETFs","Y","Y","Banks"
"97527","46685","18585","DSP Mutual Fund","DSP Nifty 10 Yr Benchmark G-Sec ETF","INF740KA1ZI7","Debt ETFs","Y","Y","Government Securities"
"97528","46699","28628","Mirae Asset Mutual Fund","Mirae Asset BSE LargeMid (60:40) Stab. Div. 50 ETF","INF769K01RK3","Equity ETFs","Y","Y","Broad Market"
"97529","46645","95467","Jio Blackrock Mutual Fund","JioBlackRock Nifty 50 ETF","INF22M001184","Equity ETFs","Y","Y","Broad Market"
"97530","46630","27488","Invesco Mutual Fund","Invesco India Nifty Bank ETF","INF205KA1CB9","Equity ETFs","N","Y","Banks"
"97531","46631","27488","Invesco Mutual Fund","Invesco India BSE Sensex ETF","INF205KA1CA1","Equity ETFs","Y","Y","Broad Market"
